{"A": {"D12-C03": [10.549201679861442, 10.549201679861442, 10.54920167986144, 13.321790402101222, 10.549201679861442, 10.549201679861442, 10.549201679861442, 13.321790402101222, 10.549201679861442, 10.54920167986144, 10.549201679861442, 10.54920167986144, 10.549201679861442, 10.54920167986144, 10.549201679861442, 10.549201679861442, 10.54920167986144, 10.54920167986144, 10.54920167986144, 10.54920167986144, 13.321790402101222, 10.54920167986144, 10.549201679861442, 10.54920167986144, 10.549201679861442, 10.54920167986144, 13.321790402101222, 10.54920167986144, 10.549201679861442, 10.54920167986144, 10.54920167986144, 10.54920167986144, 10.549201679861442, 13.321790402101222, 10.549201679861442, 10.549201679861442, 10.54920167986144, 10.54920167986144, 10.549201679861442, 10.549201679861442, 10.549201679861442, 10.549201679861442, 10.54920167986144, 10.549201679861442, 10.549201679861442, 10.54920167986144, 10.54920167986144, 10.549201679861442, 10.549201679861442, 10.549201679861442, 10.549201679861442, 10.549201679861442, 10.549201679861442, 10.54920167986144, 10.549201679861442, 10.54920167986144, 10.549201679861442, 10.54920167986144, 10.54920167986144, 10.54920167986144, 10.549201679861442, 10.549201679861442, 10.549201679861442, 10.549201679861442, 10.549201679861442, 10.549201679861442, 10.549201679861442, 10.54920167986144, 10.549201679861442, 10.549201679861442, 10.54920167986144, 10.549201679861442, 10.549201679861442, 10.549201679861442, 10.54920167986144, 10.549201679861442, 10.549201679861442, 13.321790402101222, 10.549201679861442, 10.549201679861442, 10.549201679861442, 10.549201679861442, 10.54920167986144, 10.54920167986144, 13.321790402101222, 10.549201679861442, 10.549201679861442, 10.549201679861442, 13.321790402101222, 10.549201679861442, 10.549201679861442, 10.54920167986144, 10.549201679861442, 10.549201679861442, 10.54920167986144, 10.54920167986144, 10.549201679861442, 10.549201679861442, 10.549201679861442, 10.549201679861442]}, "B": {"D12-C03": [10.549201679861442, 10.549201679861442, 10.54920167986144, 13.321790402101222, 10.549201679861442, 10.549201679861442, 10.549201679861442, 13.321790402101222, 10.549201679861442, 10.54920167986144, 10.549201679861442, 10.54920167986144, 10.549201679861442, 10.54920167986144, 10.549201679861442, 10.549201679861442, 10.54920167986144, 10.54920167986144, 10.54920167986144, 10.54920167986144, 13.321790402101222, 10.54920167986144, 10.549201679861442, 10.54920167986144, 10.549201679861442, 10.54920167986144, 13.321790402101222, 10.54920167986144, 10.549201679861442, 10.54920167986144, 10.54920167986144, 10.54920167986144, 10.549201679861442, 13.321790402101222, 10.549201679861442, 10.549201679861442, 10.54920167986144, 10.54920167986144, 10.549201679861442, 10.549201679861442, 10.549201679861442, 10.549201679861442, 10.54920167986144, 10.549201679861442, 10.549201679861442, 10.54920167986144, 10.54920167986144, 10.549201679861442, 10.549201679861442, 10.549201679861442, 10.549201679861442, 10.549201679861442, 10.549201679861442, 10.54920167986144, 10.549201679861442, 10.54920167986144, 10.549201679861442, 10.54920167986144, 10.54920167986144, 10.54920167986144, 10.549201679861442, 10.549201679861442, 10.549201679861442, 10.549201679861442, 10.549201679861442, 10.549201679861442, 10.549201679861442, 10.54920167986144, 10.549201679861442, 10.549201679861442, 10.54920167986144, 10.549201679861442, 10.549201679861442, 10.549201679861442, 10.54920167986144, 10.549201679861442, 10.549201679861442, 13.321790402101222, 10.549201679861442, 10.549201679861442, 10.549201679861442, 10.549201679861442, 10.54920167986144, 10.54920167986144, 13.321790402101222, 10.549201679861442, 10.549201679861442, 10.549201679861442, 13.321790402101222, 10.549201679861442, 10.549201679861442, 10.54920167986144, 10.549201679861442, 10.549201679861442, 10.54920167986144, 10.54920167986144, 10.549201679861442, 10.549201679861442, 10.549201679861442, 10.549201679861442]}}